Title,Company,Apply
Python Developer,"YouGov
                ",https://stackoverflow.com/jobs/330681/python-developer-yougov
Back-End Developer (Python/Django),"Apacio Ltd
                ",https://stackoverflow.com/jobs/397855/back-end-developer-python-django-apacio-ltd
Django/Python Backend Engineer,"PolicyFly
                ",https://stackoverflow.com/jobs/415347/django-python-backend-engineer-policyfly
Senior Backend Engineer - Python,"APNATIME TECH PRIVATE LIMITED
                ",https://stackoverflow.com/jobs/411044/senior-backend-engineer-python-apnatime-tech-private-limited
Python Full Stack Developer,"REPAY
                ",https://stackoverflow.com/jobs/386498/python-full-stack-developer-repay
Full-Stack Python Engineer,"Gorgias
                ",https://stackoverflow.com/jobs/374584/full-stack-python-engineer-gorgias
Python Developer - Hoory AI Project,"UCRAFT
                ",https://stackoverflow.com/jobs/417133/python-developer-hoory-ai-project-ucraft
Senior Backend Engineer (Python/Django),"Chaturbate
                ",https://stackoverflow.com/jobs/271844/senior-backend-engineer-python-django-chaturbate
Full Stack Engineer (React Native / Python),"Modus Create
                ",https://stackoverflow.com/jobs/401813/full-stack-engineer-react-native-python-modus-create
"Python Developer (Onsite in Paris, or Remote in France, UK, Germany)","PeopleDoc
                ",https://stackoverflow.com/jobs/414745/python-developer-onsite-in-paris-or-remote-in-peopledoc
Python Developer,"YouGov
                ",https://stackoverflow.com/jobs/407736/python-developer-yougov
Senior Python / Django Engineer,"Sherpany AG
                ",https://stackoverflow.com/jobs/360695/senior-python-django-engineer-sherpany-ag
Full Stack Engineer: Go and/or Python,"Oscatel
                        via
techfolk                ",https://stackoverflow.com/jobs/416097/full-stack-engineer-go-and-or-python-oscatel
Senior Full Stack Software Engineer (React Python Flask),"FineTune Learning
                ",https://stackoverflow.com/jobs/400104/senior-full-stack-software-engineer-react-python-finetune-learning
Senior Python Back End Engineer (Remote-Brazil),"Loadsmart
                ",https://stackoverflow.com/jobs/414755/senior-python-back-end-engineer-remote-brazil-loadsmart
Python Engineer - Internal Tooling,"Packet Fabric
                ",https://stackoverflow.com/jobs/414847/python-engineer-internal-tooling-packet-fabric
Senior Python Developer,"Flashpoint
                ",https://stackoverflow.com/jobs/291957/senior-python-developer-flashpoint
Python Engineer,"Overloop
                ",https://stackoverflow.com/jobs/412439/python-engineer-overloop
"Senior software engineer (experience with HIPAA, python, nextjs, docker, kafka)","EverQuote Inc.
                ",https://stackoverflow.com/jobs/385234/senior-software-engineer-experience-with-hipaa-everquote-inc
Solutions Architect (Python),"REPAY
                ",https://stackoverflow.com/jobs/406907/solutions-architect-python-repay
Technical Solutions Engineer (Python) - Remote,"Scrapinghub
                ",https://stackoverflow.com/jobs/394263/technical-solutions-engineer-python-remote-scrapinghub
Senior Software Engineer - Automation (SDET),"Rollbar
                ",https://stackoverflow.com/jobs/408207/senior-software-engineer-automation-sdet-rollbar
Backend Engineer,"LiveLike
                ",https://stackoverflow.com/jobs/411442/backend-engineer-livelike
"Software Engineer, Backend (Remote)","Hotjar
                ",https://stackoverflow.com/jobs/279346/software-engineer-backend-remote-hotjar
Senior Backend Engineer (Remote or NYC),"Noom
                ",https://stackoverflow.com/jobs/283527/senior-backend-engineer-remote-or-nyc-noom
Cloud Architect (DevOps),Breezy HR,https://weworkremotely.com//remote-jobs/breezy-hr-cloud-architect-devops
Experienced Polyglot Engineer - Remote,"Theorem, LLC",https://weworkremotely.com//remote-jobs/theorem-llc-experienced-polyglot-engineer-remote
Python + Django Software Engineer (Remote),WP MEDIA,https://weworkremotely.com//remote-jobs/wp-media-python-django-software-engineer-remote
Experienced Backend Engineer - Ruby - Remote,"Theorem, LLC",https://weworkremotely.com//remote-jobs/theorem-llc-experienced-backend-engineer-ruby-remote
Senior Full Stack Engineer,Thinkific,https://weworkremotely.com//remote-jobs/thinkific-senior-full-stack-engineer
Senior Software Engineer - Elixir,Very LLC,https://weworkremotely.com//remote-jobs/very-llc-senior-software-engineer-elixir
Fullstack Developer,The Recount,https://weworkremotely.com//remote-jobs/the-recount-fullstack-developer
PHP / JavaScript developer,End Point Corporation,https://weworkremotely.com//remote-jobs/end-point-corporation-php-javascript-developer
Senior Python Developer - Remote,Ebury,https://weworkremotely.com//remote-jobs/ebury-senior-python-developer-remote
Senior Backend Developer,Bridebook,https://weworkremotely.com//remote-jobs/bridebook-senior-backend-developer
Backend Software Engineer,LaterPay ,https://weworkremotely.com//remote-jobs/laterpay-backend-software-engineer-4
Data Engineer (Contract-Remote),Healthy Back Institute,https://weworkremotely.com//remote-jobs/healthy-back-institute-data-engineer-contract-remote
Senior Software Engineer - Mobile,Good Eggs,https://weworkremotely.com//remote-jobs/good-eggs-senior-software-engineer-mobile
Fullstack Engineer,Postscript,https://weworkremotely.com//remote-jobs/postscript-fullstack-engineer-1
Senior Software Developer,Qualio,https://weworkremotely.com//remote-jobs/qualio-senior-software-developer
"Freelance Python Developer â€“ Remote, Full-time",Toptal,https://weworkremotely.com//remote-jobs/toptal-freelance-python-developer-remote-full-time-1
Senior Software Engineer,Apartment Therapy Media,https://weworkremotely.com//remote-jobs/apartment-therapy-media-senior-software-engineer
Backend / API Engineer,Primer,https://weworkremotely.com//remote-jobs/primer-backend-api-engineer
Tech Lead,Ukufu Pty Ltd,https://weworkremotely.com//remote-jobs/ukufu-pty-ltd-tech-lead
"Open Source Developer & DevOps (Python, Django, AWS, OpenStack)",OpenCraft,https://weworkremotely.com//remote-jobs/opencraft-open-source-developer-devops-python-django-aws-openstack-9
Backend Engineer (Ruby on Rails),jobandtalent,https://weworkremotely.com//remote-jobs/jobandtalent-backend-engineer-ruby-on-rails
Senior Front End Developer,"ESL Gaming Online, Inc",https://weworkremotely.com//remote-jobs/esl-gaming-online-inc-senior-front-end-developer
Front End Developer,"ESL Gaming Online, Inc",https://weworkremotely.com//remote-jobs/esl-gaming-online-inc-front-end-developer
Backend Engineer,Dimagi,https://weworkremotely.com//remote-jobs/dimagi-backend-engineer
Senior Go Developer,X-Team,https://weworkremotely.com//remote-jobs/x-team-senior-go-developer
Integrations Engineer,X-Team,https://weworkremotely.com//remote-jobs/x-team-integrations-engineer
Full Stack Developer (Python & Vue.js),Unhaggle Inc.,https://weworkremotely.com//remote-jobs/unhaggle-inc-full-stack-developer-python-vue-js-2
Senior Site Reliability Engineer - Software Engineering,Freetrade,https://weworkremotely.com//remote-jobs/freetrade-senior-site-reliability-engineer-software-engineering
"Software Development Manager, Platform API",ReCharge Payments,https://weworkremotely.com//remote-jobs/recharge-payments-software-development-manager-platform-api
Senior Full Stack Engineer,Sector Labs,https://weworkremotely.com//remote-jobs/sector-labs-senior-full-stack-engineer
"Software Engineer, Android (Kotlin)",Doximity,https://weworkremotely.com//remote-jobs/doximity-software-engineer-android-kotlin
Data/Analytics Engineer,X-Team,https://weworkremotely.com//remote-jobs/x-team-data-analytics-engineer
Full Stack Web Developer (Western Hemisphere),SilverLogic,https://weworkremotely.com//remote-jobs/silverlogic-full-stack-web-developer-western-hemisphere
Software Engineer in Test,ReCharge Payments,https://weworkremotely.com//remote-jobs/recharge-payments-software-engineer-in-test
Data Engineer,Koffie Labs,https://weworkremotely.com//remote-jobs/koffie-labs-data-engineer
"Software Engineer, Full Stack ",Doximity,https://weworkremotely.com//remote-jobs/doximity-software-engineer-full-stack
Software Engineer (Backend),Gistia Healthcare,https://weworkremotely.com//remote-jobs/gistia-healthcare-software-engineer-backend
Senior Java Developer ,X-Team,https://weworkremotely.com//remote-jobs/x-team-senior-java-developer
Growth & Support Engineer,HeySummit,https://weworkremotely.com//remote-jobs/heysummit-growth-support-engineer
Frontend Django Developer,Swappa,https://weworkremotely.com//remote-jobs/swappa-frontend-django-developer
Senior DevOps Engineer,ReCharge Payments,https://weworkremotely.com//remote-jobs/recharge-payments-senior-devops-engineer
Mobile Application Developer (Python),Kickback Rewards System,https://weworkremotely.com//remote-jobs/kickback-rewards-system-mobile-application-developer-python
Senior Product Engineer (Remote - Anywhere),Dataquest ,https://weworkremotely.com//remote-jobs/dataquest-senior-product-engineer-remote-anywhere
Senior Full Stack Engineer,Equips,https://weworkremotely.com//remote-jobs/equips-senior-full-stack-engineer
Ruby on Rails Developer,Power Home Remodeling,https://weworkremotely.com//remote-jobs/power-home-remodeling-ruby-on-rails-developer
Software Engineering Mentor,Springboard,https://weworkremotely.com//remote-jobs/springboard-software-engineering-mentor-1
Full Stack Engineer,Equips,https://weworkremotely.com//remote-jobs/equips-full-stack-engineer
"Mobile Software Engineer, iOS (Swift)",Doximity,https://weworkremotely.com//remote-jobs/doximity-mobile-software-engineer-ios-swift
Ruby on Rails Developer (5+ years),Power Home Remodeling,https://weworkremotely.com//remote-jobs/power-home-remodeling-ruby-on-rails-developer-5-years
"Software Engineer, Data Engineering",Doximity,https://weworkremotely.com//remote-jobs/doximity-software-engineer-data-engineering
Software Development Engineer - Test (SDET),Bevy,https://weworkremotely.com//remote-jobs/bevy-software-development-engineer-test-sdet
Linux / AWS DevOps Engineer,ShipHero,https://weworkremotely.com//remote-jobs/shiphero-linux-aws-devops-engineer
MongoDB DBA,Breezy HR ,https://weworkremotely.com//remote-jobs/breezy-hr-mongodb-dba
DevOps/Developer - Europe only,Impress Websites,https://weworkremotely.com//remote-jobs/impress-websites-devops-developer-europe-only
Site Reliability Engineer (SRE) - Americas,Canonical,https://weworkremotely.com//remote-jobs/canonical-site-reliability-engineer-sre-americas
Site Reliability Engineer (SRE) - Remote,Ebury,https://weworkremotely.com//remote-jobs/ebury-site-reliability-engineer-sre-remote
AWS DevOps Engineer / SysAdmin (100% Remote),SimplyAnalytics,https://weworkremotely.com//remote-jobs/simplyanalytics-aws-devops-engineer-sysadmin-100-remote-1
DevOps Engineer with solid Elasticsearch (EU based only),digitalis.io,https://weworkremotely.com//remote-jobs/digitalis-io-devops-engineer-with-solid-elasticsearch-eu-based-only
Hadoop Administrator (EU Based Only),digitalis.io,https://weworkremotely.com//remote-jobs/digitalis-io-hadoop-administrator-eu-based-only
DevOps Engineer,Labelbox,https://weworkremotely.com//remote-jobs/labelbox-devops-engineer
Site Reliability Engineer (SRE) - Asia Pacific (APAC),Canonical,https://weworkremotely.com//remote-jobs/canonical-site-reliability-engineer-sre-asia-pacific-apac
"Software Engineer, Security",Doximity,https://weworkremotely.com//remote-jobs/doximity-software-engineer-security
DevOps Engineer,CodeLathe Technologies Inc,https://weworkremotely.com//remote-jobs/codelathe-technologies-inc-devops-engineer
"Software Engineer, SRE",Doximity,https://weworkremotely.com//remote-jobs/doximity-software-engineer-sre
Senior Systems Engineer,Spreedly,https://weworkremotely.com//remote-jobs/spreedly-senior-systems-engineer-2
Mobile Web Solutions Architect,Power Home Remodeling,https://weworkremotely.com//remote-jobs/power-home-remodeling-mobile-web-solutions-architect
Data Engineering Mentor (Flexible/Part-Time/Remote),Springboard,https://weworkremotely.com//remote-jobs/springboard-data-engineering-mentor-flexible-part-time-remote
Front End Engineer ,Manual ,https://weworkremotely.com//remote-jobs/manual-front-end-engineer
Salesforce Developer,The Predictive Index,https://weworkremotely.com//remote-jobs/the-predictive-index-salesforce-developer
Data Analytics Mentor (Part-time/Flexible/Remote),Springboard,https://weworkremotely.com//remote-jobs/springboard-data-analytics-mentor-part-time-flexible-remote
Python + Django Software Engineer,WP Media,https://remoteok.io/96938
Python Developer,YouGov,https://remoteok.io/86812
Senior Django Developer,Scalable Path,https://remoteok.io/86775
Senior Python Developer,We Are Common,https://remoteok.io/86754
